rows,cols,scenario,nprocs,comm_mode,cart_grid,slab_median_s,cart_median_s,cart_over_slab,slab_comm_s,cart_comm_s,oversubscribed
1000,1000,gradient,2,blocking,2x1,3.46266,2.79079,0.805969,1.25933,1.09961,False
1000,1000,gradient,2,nonblocking,2x1,2.55711,2.31416,0.904989,0.318577,0.259192,False
1000,1000,multiple_hotspots,2,blocking,2x1,3.74658,3.41343,0.911079,1.46674,1.32747,False
1000,1000,multiple_hotspots,2,nonblocking,2x1,2.75428,2.78062,1.00957,0.455525,0.495909,False
500,500,single_hotspot,2,blocking,2x1,1.55515,0.961972,0.618571,1.07345,0.486779,False
500,500,single_hotspot,4,blocking,2x2,11.0605,13.0973,1.18415,10.7338,12.8641,True
500,500,single_hotspot,2,nonblocking,2x1,0.900817,0.795034,0.88257,0.456464,0.358911,False
500,500,single_hotspot,4,nonblocking,2x2,5.29985,5.0574,0.954254,5.05489,4.84279,True
1000,1000,single_hotspot,2,blocking,2x1,3.4689,3.73229,1.07593,1.33036,1.5099,False
1000,1000,single_hotspot,4,blocking,2x2,8.36677,15.5666,1.86053,7.46874,14.7497,True
1000,1000,single_hotspot,2,nonblocking,2x1,2.82735,2.67293,0.945387,0.466695,0.415005,False
1000,1000,single_hotspot,4,nonblocking,2x2,4.81928,5.03548,1.04486,3.84451,4.08321,True
2000,2000,single_hotspot,2,blocking,2x1,14.5459,13.9961,0.962201,2.75012,2.82372,False
2000,2000,single_hotspot,4,blocking,2x2,20.2601,23.4125,1.1556,11.6316,15.2045,True
2000,2000,single_hotspot,2,nonblocking,2x1,10.6322,10.6041,0.997355,0.164902,0.148397,False
2000,2000,single_hotspot,4,nonblocking,2x2,12.2407,12.9852,1.06082,1.80186,2.56447,True
1000,1000,uniform,2,blocking,2x1,7.10979,4.66113,0.655594,3.76029,1.90767,False
1000,1000,uniform,2,nonblocking,2x1,2.52517,2.88208,1.14134,0.41226,0.424958,False
