variant,nprocs,rows,cols,scenario,steps,decomposition,comm_mode,proc_grid,trials,median_s,q1_s,q3_s,iqr_s,min_s,max_s,median_comm_s,comm_fraction,max_abs_err,checksums_match,oversubscribed,source,speedup,efficiency
sequential,1,1000,1000,gradient,200,sequential,none,1x1,5,2.34376,2.32229,2.38847,0.0661787,2.30971,2.48239,0,0,0,True,False,full_20261006-223528.csv,1,1
cartesian_blocking,2,1000,1000,gradient,200,cartesian,blocking,2x1,5,2.79079,2.69524,2.94719,0.251951,2.67509,3.00432,1.09961,0.394014,0,True,False,full_20261006-223528.csv,0.839818,0.419909
cartesian_nonblocking,2,1000,1000,gradient,200,cartesian,nonblocking,2x1,5,2.31416,2.11294,2.32872,0.215784,2.05855,2.5862,0.259192,0.112003,0,True,False,full_20261006-223528.csv,1.01279,0.506396
slab_blocking,2,1000,1000,gradient,200,slab,blocking,2x1,5,3.46266,3.46247,3.469,0.006536,3.27429,3.79377,1.25933,0.363689,0,True,False,full_20261006-223528.csv,0.676867,0.338434
slab_nonblocking,2,1000,1000,gradient,200,slab,nonblocking,2x1,5,2.55711,2.54171,2.73396,0.192252,2.51662,2.78357,0.318577,0.124585,0,True,False,full_20261006-223528.csv,0.916565,0.458282
sequential,1,1000,1000,multiple_hotspots,200,sequential,none,1x1,5,2.46033,2.37183,2.49177,0.119938,2.22469,2.57805,0,0,0,True,False,full_20261006-223528.csv,1,1
cartesian_blocking,2,1000,1000,multiple_hotspots,200,cartesian,blocking,2x1,5,3.41343,3.38231,3.46905,0.086739,3.32382,3.89446,1.32747,0.388896,0,True,False,full_20261006-223528.csv,0.720779,0.360389
cartesian_nonblocking,2,1000,1000,multiple_hotspots,200,cartesian,nonblocking,2x1,5,2.78062,2.55388,2.89419,0.340308,2.52284,2.91143,0.495909,0.178345,0,True,False,full_20261006-223528.csv,0.884811,0.442405
slab_blocking,2,1000,1000,multiple_hotspots,200,slab,blocking,2x1,5,3.74658,3.69109,3.79122,0.100132,3.27058,4.05117,1.46674,0.391489,0,True,False,full_20261006-223528.csv,0.656686,0.328343
slab_nonblocking,2,1000,1000,multiple_hotspots,200,slab,nonblocking,2x1,5,2.75428,2.74127,2.75631,0.015045,2.56609,2.78217,0.455525,0.165388,0,True,False,full_20261006-223528.csv,0.893274,0.446637
sequential,1,500,500,single_hotspot,200,sequential,none,1x1,5,0.596979,0.50472,0.799746,0.295026,0.430934,0.99321,0,0,0,True,False,full_20261006-223528.csv,1,1
cartesian_blocking,1,500,500,single_hotspot,200,cartesian,blocking,1x1,5,0.467762,0.460501,0.585024,0.124523,0.448787,0.594916,0.006303,0.0134748,0,True,False,full_20261006-223528.csv,1.27625,1.27625
cartesian_blocking,2,500,500,single_hotspot,200,cartesian,blocking,2x1,5,0.961972,0.895644,0.983774,0.08813,0.78272,1.34996,0.486779,0.506022,0,True,False,full_20261006-223528.csv,0.620579,0.310289
cartesian_blocking,4,500,500,single_hotspot,200,cartesian,blocking,2x2,5,13.0973,11.9521,18.7193,6.76728,10.0809,18.868,12.8641,0.9822,0,True,True,full_20261006-223528.csv,0.0455804,0.0113951
cartesian_nonblocking,1,500,500,single_hotspot,200,cartesian,nonblocking,1x1,5,0.469289,0.463638,0.471647,0.008009,0.458202,0.47404,0.007969,0.016981,0,True,False,full_20261006-223528.csv,1.27209,1.27209
cartesian_nonblocking,2,500,500,single_hotspot,200,cartesian,nonblocking,2x1,5,0.795034,0.670077,0.871805,0.201728,0.659905,1.10689,0.358911,0.451441,0,True,False,full_20261006-223528.csv,0.750885,0.375443
cartesian_nonblocking,4,500,500,single_hotspot,200,cartesian,nonblocking,2x2,5,5.0574,4.91602,5.61942,0.703393,4.77196,6.9707,4.84279,0.957565,0,True,True,full_20261006-223528.csv,0.118041,0.0295102
slab_blocking,1,500,500,single_hotspot,200,slab,blocking,1x1,5,0.540969,0.535123,1.05606,0.520938,0.535011,1.05969,0.003053,0.00564358,0,True,False,full_20261006-223528.csv,1.10354,1.10354
slab_blocking,2,500,500,single_hotspot,200,slab,blocking,2x1,5,1.55515,1.00201,2.04772,1.04572,0.697383,3.48895,1.07345,0.690255,0,True,False,full_20261006-223528.csv,0.383872,0.191936
slab_blocking,4,500,500,single_hotspot,200,slab,blocking,4x1,5,11.0605,8.55206,11.9431,3.39102,6.37703,13.4126,10.7338,0.970464,0,True,True,full_20261006-223528.csv,0.0539741,0.0134935
slab_nonblocking,1,500,500,single_hotspot,200,slab,nonblocking,1x1,5,0.590258,0.451499,0.713252,0.261753,0.451389,1.01866,0.004678,0.00792535,0,True,False,full_20261006-223528.csv,1.01139,1.01139
slab_nonblocking,2,500,500,single_hotspot,200,slab,nonblocking,2x1,5,0.900817,0.757244,1.08846,0.331214,0.720225,1.14778,0.456464,0.506722,0,True,False,full_20261006-223528.csv,0.662709,0.331354
slab_nonblocking,4,500,500,single_hotspot,200,slab,nonblocking,4x1,5,5.29985,4.37649,5.49749,1.12099,4.26019,5.68734,5.05489,0.953779,0,True,True,full_20261006-223528.csv,0.112641,0.0281602
sequential,1,1000,1000,single_hotspot,200,sequential,none,1x1,5,2.31372,2.28307,2.3203,0.0372279,2.17938,2.51493,0,0,0,True,False,full_20261006-223528.csv,1,1
cartesian_blocking,1,1000,1000,single_hotspot,200,cartesian,blocking,1x1,5,3.81027,3.55389,6.19918,2.64529,3.23303,9.03123,0.013452,0.00353046,0,True,False,full_20261006-223528.csv,0.607233,0.607233
cartesian_blocking,2,1000,1000,single_hotspot,200,cartesian,blocking,2x1,5,3.73229,3.56477,3.82369,0.258911,3.51231,3.95138,1.5099,0.404549,0,True,False,full_20261006-223528.csv,0.619919,0.30996
cartesian_blocking,4,1000,1000,single_hotspot,200,cartesian,blocking,2x2,5,15.5666,15.1314,16.3033,1.17191,12.1155,22.5063,14.7497,0.947526,0,True,True,full_20261006-223528.csv,0.148634,0.0371584
cartesian_nonblocking,1,1000,1000,single_hotspot,200,cartesian,nonblocking,1x1,5,2.82572,2.77621,2.86857,0.092364,2.7684,2.95017,0.015111,0.00534766,0,True,False,full_20261006-223528.csv,0.818807,0.818807
cartesian_nonblocking,2,1000,1000,single_hotspot,200,cartesian,nonblocking,2x1,5,2.67293,2.56888,2.78838,0.219495,2.56297,3.09566,0.415005,0.155262,0,True,False,full_20261006-223528.csv,0.86561,0.432805
cartesian_nonblocking,4,1000,1000,single_hotspot,200,cartesian,nonblocking,2x2,5,5.03548,4.73155,5.13408,0.40253,4.66926,6.05318,4.08321,0.81089,0,True,True,full_20261006-223528.csv,0.459484,0.114871
slab_blocking,1,1000,1000,single_hotspot,200,slab,blocking,1x1,5,2.875,2.81143,2.94518,0.133752,2.76691,3.13404,0.008769,0.00305008,0,True,False,full_20261006-223528.csv,0.80477,0.80477
slab_blocking,2,1000,1000,single_hotspot,200,slab,blocking,2x1,5,3.4689,3.33441,3.76681,0.432404,3.3231,4.06816,1.33036,0.383511,0,True,False,full_20261006-223528.csv,0.666989,0.333495
slab_blocking,4,1000,1000,single_hotspot,200,slab,blocking,4x1,5,8.36677,8.1806,8.72139,0.540791,8.16053,9.68311,7.46874,0.892667,0,True,True,full_20261006-223528.csv,0.276537,0.0691342
slab_nonblocking,1,1000,1000,single_hotspot,200,slab,nonblocking,1x1,5,3.09044,3.0348,3.26541,0.23061,2.68011,3.41056,0.008999,0.00291189,0,True,False,full_20261006-223528.csv,0.74867,0.74867
slab_nonblocking,2,1000,1000,single_hotspot,200,slab,nonblocking,2x1,5,2.82735,2.66323,2.9084,0.245169,2.65714,3.00816,0.466695,0.165065,0,True,False,full_20261006-223528.csv,0.818336,0.409168
slab_nonblocking,4,1000,1000,single_hotspot,200,slab,nonblocking,4x1,5,4.81928,4.60185,4.93191,0.330058,4.58356,4.97702,3.84451,0.797734,0,True,True,full_20261006-223528.csv,0.480096,0.120024
sequential,1,2000,2000,single_hotspot,200,sequential,none,1x1,5,10.7346,10.429,10.8041,0.37502,10.2927,10.8622,0,0,0,True,False,full_20261006-223528.csv,1,1
cartesian_blocking,1,2000,2000,single_hotspot,200,cartesian,blocking,1x1,5,13.3356,13.3348,13.3442,0.009452,13.0641,13.5891,0.017035,0.00127741,0,True,False,full_20261006-223528.csv,0.804961,0.804961
cartesian_blocking,2,2000,2000,single_hotspot,200,cartesian,blocking,2x1,5,13.9961,13.8786,14.1438,0.265137,13.5614,14.5778,2.82372,0.201751,0,True,False,full_20261006-223528.csv,0.766976,0.383488
cartesian_blocking,4,2000,2000,single_hotspot,200,cartesian,blocking,2x2,5,23.4125,22.5587,23.566,1.00728,22.1636,24.9965,15.2045,0.64942,0,True,True,full_20261006-223528.csv,0.458501,0.114625
cartesian_nonblocking,1,2000,2000,single_hotspot,200,cartesian,nonblocking,1x1,5,11.3043,11.1068,12.4249,1.31804,10.6189,12.6073,0.014342,0.00126872,0,True,False,full_20261006-223528.csv,0.949605,0.949605
cartesian_nonblocking,2,2000,2000,single_hotspot,200,cartesian,nonblocking,2x1,5,10.6041,10.1705,11.0042,0.833622,10.0988,13.0839,0.148397,0.0139943,0,True,False,full_20261006-223528.csv,1.01231,0.506155
cartesian_nonblocking,4,2000,2000,single_hotspot,200,cartesian,nonblocking,2x2,5,12.9852,12.9651,13.03,0.064986,12.717,13.277,2.56447,0.197492,0,True,True,full_20261006-223528.csv,0.826684,0.206671
slab_blocking,1,2000,2000,single_hotspot,200,slab,blocking,1x1,5,62.7796,43.0385,82.5732,39.5347,40.5848,92.4102,0.030924,0.000492581,0,True,False,full_20261006-223528.csv,0.170989,0.170989
slab_blocking,2,2000,2000,single_hotspot,200,slab,blocking,2x1,5,14.5459,14.3989,14.6931,0.294181,14.3737,15.5638,2.75012,0.189065,0,True,False,full_20261006-223528.csv,0.737985,0.368992
slab_blocking,4,2000,2000,single_hotspot,200,slab,blocking,4x1,5,20.2601,20.1177,22.31,2.19231,17.2913,28.3524,11.6316,0.574114,0,True,True,full_20261006-223528.csv,0.529843,0.132461
slab_nonblocking,1,2000,2000,single_hotspot,200,slab,nonblocking,1x1,5,14.089,13.8309,14.2167,0.385735,13.7975,16.6326,0.012542,0.000890196,0,True,False,full_20261006-223528.csv,0.761915,0.761915
slab_nonblocking,2,2000,2000,single_hotspot,200,slab,nonblocking,2x1,5,10.6322,10.5263,10.7904,0.264061,10.3005,14.4572,0.164902,0.0155096,0,True,False,full_20261006-223528.csv,1.00963,0.504817
slab_nonblocking,4,2000,2000,single_hotspot,200,slab,nonblocking,4x1,5,12.2407,11.8268,12.4075,0.580665,11.2939,12.4212,1.80186,0.147203,0,True,True,full_20261006-223528.csv,0.876964,0.219241
sequential,1,1000,1000,uniform,200,sequential,none,1x1,5,2.02811,2.01133,2.0659,0.0545698,1.97279,2.09251,0,0,0,True,False,full_20261006-223528.csv,1,1
cartesian_blocking,2,1000,1000,uniform,200,cartesian,blocking,2x1,5,4.66113,4.6321,5.1063,0.474195,4.43676,7.77619,1.90767,0.409271,0,True,False,full_20261006-223528.csv,0.43511,0.217555
cartesian_nonblocking,2,1000,1000,uniform,200,cartesian,nonblocking,2x1,5,2.88208,2.71901,2.90603,0.18702,2.54821,3.17138,0.424958,0.147448,0,True,False,full_20261006-223528.csv,0.703695,0.351847
slab_blocking,2,1000,1000,uniform,200,slab,blocking,2x1,5,7.10979,6.3522,8.79569,2.44349,4.32515,9.19199,3.76029,0.528889,0,True,False,full_20261006-223528.csv,0.285256,0.142628
slab_nonblocking,2,1000,1000,uniform,200,slab,nonblocking,2x1,5,2.52517,2.50221,2.80042,0.298205,2.31249,2.85867,0.41226,0.16326,0,True,False,full_20261006-223528.csv,0.803156,0.401578
