timestamp,host,variant,decomposition,comm_mode,nprocs,proc_grid,rows,cols,scenario,seed,steps,r,trial,warmup,runtime_s,comm_s,max_abs_err,checksum,physical_cores,oversubscribed
2026-10-06T22:35:44,rois-MBP,cartesian_blocking,cartesian,blocking,4,2x2,500,500,single_hotspot,2001,200,0.2,0,True,14.64747699999998,14.331600999997136,0.0,82379.09019615178,2,True
2026-10-06T22:35:44,rois-MBP,cartesian_blocking,cartesian,blocking,4,2x2,500,500,single_hotspot,2001,200,0.2,1,False,13.097267000000102,12.86413599999878,0.0,82379.09019615178,2,True
2026-10-06T22:35:44,rois-MBP,cartesian_blocking,cartesian,blocking,4,2x2,500,500,single_hotspot,2001,200,0.2,2,False,11.9520550000002,11.698992000000999,0.0,82379.09019615178,2,True
2026-10-06T22:35:44,rois-MBP,cartesian_blocking,cartesian,blocking,4,2x2,500,500,single_hotspot,2001,200,0.2,3,False,10.080861999999797,9.8671710000026,0.0,82379.09019615178,2,True
2026-10-06T22:35:44,rois-MBP,cartesian_blocking,cartesian,blocking,4,2x2,500,500,single_hotspot,2001,200,0.2,4,False,18.719333000000006,18.251290000002882,0.0,82379.09019615178,2,True
2026-10-06T22:35:44,rois-MBP,cartesian_blocking,cartesian,blocking,4,2x2,500,500,single_hotspot,2001,200,0.2,5,False,18.867999000000054,18.693990999997368,0.0,82379.09019615178,2,True
2026-10-06T22:37:17,rois-MBP,sequential,sequential,none,1,1x1,1000,1000,multiple_hotspots,3001,200,0.2,0,True,3.795509752992075,0.0,0.0,383228.23938799737,2,False
2026-10-06T22:37:17,rois-MBP,sequential,sequential,none,1,1x1,1000,1000,multiple_hotspots,3001,200,0.2,1,False,2.5780485489813145,0.0,0.0,383228.23938799737,2,False
2026-10-06T22:37:17,rois-MBP,sequential,sequential,none,1,1x1,1000,1000,multiple_hotspots,3001,200,0.2,2,False,2.4603256420232356,0.0,0.0,383228.23938799737,2,False
2026-10-06T22:37:17,rois-MBP,sequential,sequential,none,1,1x1,1000,1000,multiple_hotspots,3001,200,0.2,3,False,2.2246866089990363,0.0,0.0,383228.23938799737,2,False
2026-10-06T22:37:17,rois-MBP,sequential,sequential,none,1,1x1,1000,1000,multiple_hotspots,3001,200,0.2,4,False,2.49176989501575,0.0,0.0,383228.23938799737,2,False
2026-10-06T22:37:17,rois-MBP,sequential,sequential,none,1,1x1,1000,1000,multiple_hotspots,3001,200,0.2,5,False,2.37183183801244,0.0,0.0,383228.23938799737,2,False
2026-10-06T22:38:29,rois-MBP,cartesian_nonblocking,cartesian,nonblocking,1,1x1,2000,2000,single_hotspot,2001,200,0.2,0,True,13.078145999999833,0.015903999996680795,0.0,1318422.2571053172,2,False
2026-10-06T22:38:29,rois-MBP,cartesian_nonblocking,cartesian,nonblocking,1,1x1,2000,2000,single_hotspot,2001,200,0.2,1,False,11.304323999999724,0.01376699999855191,0.0,1318422.2571053172,2,False
2026-10-06T22:38:29,rois-MBP,cartesian_nonblocking,cartesian,nonblocking,1,1x1,2000,2000,single_hotspot,2001,200,0.2,2,False,10.618919000000005,0.0113330000035603,0.0,1318422.2571053172,2,False
2026-10-06T22:38:29,rois-MBP,cartesian_nonblocking,cartesian,nonblocking,1,1x1,2000,2000,single_hotspot,2001,200,0.2,3,False,12.607277000000067,0.023664000002099783,0.0,1318422.2571053172,2,False
2026-10-06T22:38:29,rois-MBP,cartesian_nonblocking,cartesian,nonblocking,1,1x1,2000,2000,single_hotspot,2001,200,0.2,4,False,12.42486000000008,0.017482000002928544,0.0,1318422.2571053172,2,False
2026-10-06T22:38:29,rois-MBP,cartesian_nonblocking,cartesian,nonblocking,1,1x1,2000,2000,single_hotspot,2001,200,0.2,5,False,11.106815000000097,0.014342000002216082,0.0,1318422.2571053172,2,False
2026-10-06T22:39:50,rois-MBP,cartesian_blocking,cartesian,blocking,2,2x1,1000,1000,gradient,4001,200,0.2,0,True,2.7026879999998528,0.920263999998042,0.0,572789.1379346924,2,False
2026-10-06T22:39:50,rois-MBP,cartesian_blocking,cartesian,blocking,2,2x1,1000,1000,gradient,4001,200,0.2,1,False,2.6750879999999597,0.9672020000011798,0.0,572789.1379346924,2,False
2026-10-06T22:39:50,rois-MBP,cartesian_blocking,cartesian,blocking,2,2x1,1000,1000,gradient,4001,200,0.2,2,False,2.7907940000000053,1.127095999998346,0.0,572789.1379346924,2,False
2026-10-06T22:39:50,rois-MBP,cartesian_blocking,cartesian,blocking,2,2x1,1000,1000,gradient,4001,200,0.2,3,False,2.9471889999999803,1.0996130000003177,0.0,572789.1379346924,2,False
2026-10-06T22:39:50,rois-MBP,cartesian_blocking,cartesian,blocking,2,2x1,1000,1000,gradient,4001,200,0.2,4,False,2.695238000000245,1.0123070000017833,0.0,572789.1379346924,2,False
2026-10-06T22:39:50,rois-MBP,cartesian_blocking,cartesian,blocking,2,2x1,1000,1000,gradient,4001,200,0.2,5,False,3.004316999999901,1.1533919999965292,0.0,572789.1379346924,2,False
2026-10-06T22:40:49,rois-MBP,slab_blocking,slab,blocking,2,2x1,2000,2000,single_hotspot,2001,200,0.2,0,True,14.523965999999746,2.8923490000006495,0.0,1318422.2571053181,2,False
2026-10-06T22:40:49,rois-MBP,slab_blocking,slab,blocking,2,2x1,2000,2000,single_hotspot,2001,200,0.2,1,False,14.545885999999882,2.7501219999921886,0.0,1318422.2571053181,2,False
2026-10-06T22:40:49,rois-MBP,slab_blocking,slab,blocking,2,2x1,2000,2000,single_hotspot,2001,200,0.2,2,False,15.563763999999992,3.0748930000022483,0.0,1318422.2571053181,2,False
2026-10-06T22:40:49,rois-MBP,slab_blocking,slab,blocking,2,2x1,2000,2000,single_hotspot,2001,200,0.2,3,False,14.693101000000297,3.2165679999984604,0.0,1318422.2571053181,2,False
2026-10-06T22:40:49,rois-MBP,slab_blocking,slab,blocking,2,2x1,2000,2000,single_hotspot,2001,200,0.2,4,False,14.373671000000286,2.670922000000246,0.0,1318422.2571053181,2,False
2026-10-06T22:40:49,rois-MBP,slab_blocking,slab,blocking,2,2x1,2000,2000,single_hotspot,2001,200,0.2,5,False,14.39892000000009,2.5001579999957357,0.0,1318422.2571053181,2,False
2026-10-06T22:43:21,rois-MBP,cartesian_nonblocking,cartesian,nonblocking,4,2x2,2000,2000,single_hotspot,2001,200,0.2,0,True,12.76734099999976,2.398142000001826,0.0,1318422.257105318,2,True
2026-10-06T22:43:21,rois-MBP,cartesian_nonblocking,cartesian,nonblocking,4,2x2,2000,2000,single_hotspot,2001,200,0.2,1,False,12.985178999999789,2.1082099999953243,0.0,1318422.257105318,2,True
2026-10-06T22:43:21,rois-MBP,cartesian_nonblocking,cartesian,nonblocking,4,2x2,2000,2000,single_hotspot,2001,200,0.2,2,False,12.71697899999981,2.9481719999971574,0.0,1318422.257105318,2,True
2026-10-06T22:43:21,rois-MBP,cartesian_nonblocking,cartesian,nonblocking,4,2x2,2000,2000,single_hotspot,2001,200,0.2,3,False,13.030042000000321,2.6984489999958896,0.0,1318422.257105318,2,True
2026-10-06T22:43:21,rois-MBP,cartesian_nonblocking,cartesian,nonblocking,4,2x2,2000,2000,single_hotspot,2001,200,0.2,4,False,13.277011999999559,2.4328169999939746,0.0,1318422.257105318,2,True
2026-10-06T22:43:21,rois-MBP,cartesian_nonblocking,cartesian,nonblocking,4,2x2,2000,2000,single_hotspot,2001,200,0.2,5,False,12.965056000000004,2.564465999997992,0.0,1318422.257105318,2,True
2026-10-06T22:44:57,rois-MBP,cartesian_blocking,cartesian,blocking,2,2x1,1000,1000,uniform,1001,200,0.2,0,True,3.91256599999997,1.6181059999994432,0.0,493925.1154592966,2,False
2026-10-06T22:44:57,rois-MBP,cartesian_blocking,cartesian,blocking,2,2x1,1000,1000,uniform,1001,200,0.2,1,False,7.77618799999982,3.865126000003329,0.0,493925.1154592966,2,False
2026-10-06T22:44:57,rois-MBP,cartesian_blocking,cartesian,blocking,2,2x1,1000,1000,uniform,1001,200,0.2,2,False,5.1062990000000354,2.2496829999963666,0.0,493925.1154592966,2,False
2026-10-06T22:44:57,rois-MBP,cartesian_blocking,cartesian,blocking,2,2x1,1000,1000,uniform,1001,200,0.2,3,False,4.632103999999799,1.5226249999959691,0.0,493925.1154592966,2,False
2026-10-06T22:44:57,rois-MBP,cartesian_blocking,cartesian,blocking,2,2x1,1000,1000,uniform,1001,200,0.2,4,False,4.436764999999923,1.8989730000052987,0.0,493925.1154592966,2,False
2026-10-06T22:44:57,rois-MBP,cartesian_blocking,cartesian,blocking,2,2x1,1000,1000,uniform,1001,200,0.2,5,False,4.661134000000402,1.9076660000046104,0.0,493925.1154592966,2,False
2026-10-06T22:45:38,rois-MBP,cartesian_nonblocking,cartesian,nonblocking,4,2x2,500,500,single_hotspot,2001,200,0.2,0,True,5.0428390000001855,4.731492000002163,0.0,82379.09019615178,2,True
2026-10-06T22:45:38,rois-MBP,cartesian_nonblocking,cartesian,nonblocking,4,2x2,500,500,single_hotspot,2001,200,0.2,1,False,5.619415000000117,5.232978000001367,0.0,82379.09019615178,2,True
2026-10-06T22:45:38,rois-MBP,cartesian_nonblocking,cartesian,nonblocking,4,2x2,500,500,single_hotspot,2001,200,0.2,2,False,6.9706970000002,6.645486000008987,0.0,82379.09019615178,2,True
2026-10-06T22:45:38,rois-MBP,cartesian_nonblocking,cartesian,nonblocking,4,2x2,500,500,single_hotspot,2001,200,0.2,3,False,5.057402999999795,4.8427900000065165,0.0,82379.09019615178,2,True
2026-10-06T22:45:38,rois-MBP,cartesian_nonblocking,cartesian,nonblocking,4,2x2,500,500,single_hotspot,2001,200,0.2,4,False,4.771963000000142,4.584663000000091,0.0,82379.09019615178,2,True
2026-10-06T22:45:38,rois-MBP,cartesian_nonblocking,cartesian,nonblocking,4,2x2,500,500,single_hotspot,2001,200,0.2,5,False,4.916021999999884,4.663640999998279,0.0,82379.09019615178,2,True
2026-10-06T22:46:24,rois-MBP,slab_nonblocking,slab,nonblocking,4,4x1,500,500,single_hotspot,2001,200,0.2,0,True,7.225869999999759,6.87875600000325,0.0,82379.09019615178,2,True
2026-10-06T22:46:24,rois-MBP,slab_nonblocking,slab,nonblocking,4,4x1,500,500,single_hotspot,2001,200,0.2,1,False,5.299852000000101,5.054885000006379,0.0,82379.09019615178,2,True
2026-10-06T22:46:24,rois-MBP,slab_nonblocking,slab,nonblocking,4,4x1,500,500,single_hotspot,2001,200,0.2,2,False,5.687339999999949,5.390993000003164,0.0,82379.09019615178,2,True
2026-10-06T22:46:24,rois-MBP,slab_nonblocking,slab,nonblocking,4,4x1,500,500,single_hotspot,2001,200,0.2,3,False,5.497485999999753,5.284868999999162,0.0,82379.09019615178,2,True
2026-10-06T22:46:24,rois-MBP,slab_nonblocking,slab,nonblocking,4,4x1,500,500,single_hotspot,2001,200,0.2,4,False,4.2601919999997335,4.04827000000023,0.0,82379.09019615178,2,True
2026-10-06T22:46:24,rois-MBP,slab_nonblocking,slab,nonblocking,4,4x1,500,500,single_hotspot,2001,200,0.2,5,False,4.376490999999987,4.138255999998364,0.0,82379.09019615178,2,True
2026-10-06T22:47:07,rois-MBP,slab_blocking,slab,blocking,1,1x1,1000,1000,single_hotspot,2001,200,0.2,0,True,3.1434159999998883,0.005598999996891507,0.0,329575.8495176609,2,False
2026-10-06T22:47:07,rois-MBP,slab_blocking,slab,blocking,1,1x1,1000,1000,single_hotspot,2001,200,0.2,1,False,2.8750049999998737,0.006787000004806032,0.0,329575.8495176609,2,False
2026-10-06T22:47:07,rois-MBP,slab_blocking,slab,blocking,1,1x1,1000,1000,single_hotspot,2001,200,0.2,2,False,2.94518300000027,0.008769000002303073,0.0,329575.8495176609,2,False
2026-10-06T22:47:07,rois-MBP,slab_blocking,slab,blocking,1,1x1,1000,1000,single_hotspot,2001,200,0.2,3,False,2.811431000000084,0.011800999996012251,0.0,329575.8495176609,2,False
2026-10-06T22:47:07,rois-MBP,slab_blocking,slab,blocking,1,1x1,1000,1000,single_hotspot,2001,200,0.2,4,False,3.1340430000000197,0.008948000003783818,0.0,329575.8495176609,2,False
2026-10-06T22:47:07,rois-MBP,slab_blocking,slab,blocking,1,1x1,1000,1000,single_hotspot,2001,200,0.2,5,False,2.7669110000001638,0.005965000000287546,0.0,329575.8495176609,2,False
2026-10-06T22:47:29,rois-MBP,slab_blocking,slab,blocking,1,1x1,500,500,single_hotspot,2001,200,0.2,0,True,0.5402610000001005,0.002741000000241911,0.0,82379.09019615178,2,False
2026-10-06T22:47:29,rois-MBP,slab_blocking,slab,blocking,1,1x1,500,500,single_hotspot,2001,200,0.2,1,False,0.5350109999999404,0.007030999996459286,0.0,82379.09019615178,2,False
2026-10-06T22:47:29,rois-MBP,slab_blocking,slab,blocking,1,1x1,500,500,single_hotspot,2001,200,0.2,2,False,1.056061000000227,0.0030529999976351974,0.0,82379.09019615178,2,False
2026-10-06T22:47:29,rois-MBP,slab_blocking,slab,blocking,1,1x1,500,500,single_hotspot,2001,200,0.2,3,False,0.5409690000001319,0.0023219999957291293,0.0,82379.09019615178,2,False
2026-10-06T22:47:29,rois-MBP,slab_blocking,slab,blocking,1,1x1,500,500,single_hotspot,2001,200,0.2,4,False,0.5351229999996576,0.002914999996391998,0.0,82379.09019615178,2,False
2026-10-06T22:47:29,rois-MBP,slab_blocking,slab,blocking,1,1x1,500,500,single_hotspot,2001,200,0.2,5,False,1.0596920000002683,0.0034069999960593123,0.0,82379.09019615178,2,False
2026-10-06T22:48:07,rois-MBP,slab_nonblocking,slab,nonblocking,1,1x1,2000,2000,single_hotspot,2001,200,0.2,0,True,13.172030999999606,0.010614999998324492,0.0,1318422.2571053181,2,False
2026-10-06T22:48:07,rois-MBP,slab_nonblocking,slab,nonblocking,1,1x1,2000,2000,single_hotspot,2001,200,0.2,1,False,13.830947000000378,0.01677800000334173,0.0,1318422.2571053181,2,False
2026-10-06T22:48:07,rois-MBP,slab_nonblocking,slab,nonblocking,1,1x1,2000,2000,single_hotspot,2001,200,0.2,2,False,14.216682000000219,0.012204999999084976,0.0,1318422.2571053181,2,False
2026-10-06T22:48:07,rois-MBP,slab_nonblocking,slab,nonblocking,1,1x1,2000,2000,single_hotspot,2001,200,0.2,3,False,13.797461000000112,0.010883000002650078,0.0,1318422.2571053181,2,False
2026-10-06T22:48:07,rois-MBP,slab_nonblocking,slab,nonblocking,1,1x1,2000,2000,single_hotspot,2001,200,0.2,4,False,14.089024999999765,0.012542000001758424,0.0,1318422.2571053181,2,False
2026-10-06T22:48:07,rois-MBP,slab_nonblocking,slab,nonblocking,1,1x1,2000,2000,single_hotspot,2001,200,0.2,5,False,16.632586000000174,0.014793000003010093,0.0,1318422.2571053181,2,False
2026-10-06T22:49:39,rois-MBP,slab_blocking,slab,blocking,2,2x1,500,500,single_hotspot,2001,200,0.2,0,True,2.379758999999922,1.7306780000012623,0.0,82379.09019615178,2,False
2026-10-06T22:49:39,rois-MBP,slab_blocking,slab,blocking,2,2x1,500,500,single_hotspot,2001,200,0.2,1,False,2.0477240000000165,1.2566340000021228,0.0,82379.09019615178,2,False
2026-10-06T22:49:39,rois-MBP,slab_blocking,slab,blocking,2,2x1,500,500,single_hotspot,2001,200,0.2,2,False,3.488948000000164,2.307252000000517,0.0,82379.09019615178,2,False
2026-10-06T22:49:39,rois-MBP,slab_blocking,slab,blocking,2,2x1,500,500,single_hotspot,2001,200,0.2,3,False,1.5551510000000235,1.0734510000038426,0.0,82379.09019615178,2,False
2026-10-06T22:49:39,rois-MBP,slab_blocking,slab,blocking,2,2x1,500,500,single_hotspot,2001,200,0.2,4,False,1.002006000000165,0.5693529999975908,0.0,82379.09019615178,2,False
2026-10-06T22:49:39,rois-MBP,slab_blocking,slab,blocking,2,2x1,500,500,single_hotspot,2001,200,0.2,5,False,0.6973830000001726,0.3477280000010978,0.0,82379.09019615178,2,False
2026-10-06T22:49:58,rois-MBP,cartesian_nonblocking,cartesian,nonblocking,2,2x1,1000,1000,gradient,4001,200,0.2,0,True,2.3708229999997457,0.4093840000018645,0.0,572789.1379346924,2,False
2026-10-06T22:49:58,rois-MBP,cartesian_nonblocking,cartesian,nonblocking,2,2x1,1000,1000,gradient,4001,200,0.2,1,False,2.3287249999998494,0.44381100000236984,0.0,572789.1379346924,2,False
2026-10-06T22:49:58,rois-MBP,cartesian_nonblocking,cartesian,nonblocking,2,2x1,1000,1000,gradient,4001,200,0.2,2,False,2.3141569999997955,0.23921800000789517,0.0,572789.1379346924,2,False
2026-10-06T22:49:58,rois-MBP,cartesian_nonblocking,cartesian,nonblocking,2,2x1,1000,1000,gradient,4001,200,0.2,3,False,2.1129409999998643,0.25919200000407727,0.0,572789.1379346924,2,False
2026-10-06T22:49:58,rois-MBP,cartesian_nonblocking,cartesian,nonblocking,2,2x1,1000,1000,gradient,4001,200,0.2,4,False,2.058545000000322,0.24156399999992573,0.0,572789.1379346924,2,False
2026-10-06T22:49:58,rois-MBP,cartesian_nonblocking,cartesian,nonblocking,2,2x1,1000,1000,gradient,4001,200,0.2,5,False,2.58620400000018,0.349694000002728,0.0,572789.1379346924,2,False
2026-10-06T22:50:43,rois-MBP,cartesian_nonblocking,cartesian,nonblocking,2,2x1,2000,2000,single_hotspot,2001,200,0.2,0,True,10.142341000000215,0.44949999999789725,0.0,1318422.257105317,2,False
2026-10-06T22:50:43,rois-MBP,cartesian_nonblocking,cartesian,nonblocking,2,2x1,2000,2000,single_hotspot,2001,200,0.2,1,False,10.170537999999851,0.45986999999831824,0.0,1318422.257105317,2,False
2026-10-06T22:50:43,rois-MBP,cartesian_nonblocking,cartesian,nonblocking,2,2x1,2000,2000,single_hotspot,2001,200,0.2,2,False,11.004159999999956,0.1483970000044792,0.0,1318422.257105317,2,False
2026-10-06T22:50:43,rois-MBP,cartesian_nonblocking,cartesian,nonblocking,2,2x1,2000,2000,single_hotspot,2001,200,0.2,3,False,10.098774999999932,0.19402000000081898,0.0,1318422.257105317,2,False
2026-10-06T22:50:43,rois-MBP,cartesian_nonblocking,cartesian,nonblocking,2,2x1,2000,2000,single_hotspot,2001,200,0.2,4,False,10.604104000000007,0.10670799999388692,0.0,1318422.257105317,2,False
2026-10-06T22:50:43,rois-MBP,cartesian_nonblocking,cartesian,nonblocking,2,2x1,2000,2000,single_hotspot,2001,200,0.2,5,False,13.08387700000003,0.1012380000011035,0.0,1318422.257105317,2,False
2026-10-06T22:51:53,rois-MBP,sequential,sequential,none,1,1x1,1000,1000,gradient,4001,200,0.2,0,True,2.3420058540068567,0.0,0.0,572789.1379346924,2,False
2026-10-06T22:51:53,rois-MBP,sequential,sequential,none,1,1x1,1000,1000,gradient,4001,200,0.2,1,False,2.3222929920011666,0.0,0.0,572789.1379346924,2,False
2026-10-06T22:51:53,rois-MBP,sequential,sequential,none,1,1x1,1000,1000,gradient,4001,200,0.2,2,False,2.4823855590075254,0.0,0.0,572789.1379346924,2,False
2026-10-06T22:51:53,rois-MBP,sequential,sequential,none,1,1x1,1000,1000,gradient,4001,200,0.2,3,False,2.309707640000852,0.0,0.0,572789.1379346924,2,False
2026-10-06T22:51:53,rois-MBP,sequential,sequential,none,1,1x1,1000,1000,gradient,4001,200,0.2,4,False,2.388471671991283,0.0,0.0,572789.1379346924,2,False
2026-10-06T22:51:53,rois-MBP,sequential,sequential,none,1,1x1,1000,1000,gradient,4001,200,0.2,5,False,2.3437582469778135,0.0,0.0,572789.1379346924,2,False
2026-10-06T22:52:10,rois-MBP,sequential,sequential,none,1,1x1,1000,1000,single_hotspot,2001,200,0.2,0,True,2.228854537999723,0.0,0.0,329575.8495176609,2,False
2026-10-06T22:52:10,rois-MBP,sequential,sequential,none,1,1x1,1000,1000,single_hotspot,2001,200,0.2,1,False,2.2830718560144305,0.0,0.0,329575.8495176609,2,False
2026-10-06T22:52:10,rois-MBP,sequential,sequential,none,1,1x1,1000,1000,single_hotspot,2001,200,0.2,2,False,2.313718968012836,0.0,0.0,329575.8495176609,2,False
2026-10-06T22:52:10,rois-MBP,sequential,sequential,none,1,1x1,1000,1000,single_hotspot,2001,200,0.2,3,False,2.3202997450134717,0.0,0.0,329575.8495176609,2,False
2026-10-06T22:52:10,rois-MBP,sequential,sequential,none,1,1x1,1000,1000,single_hotspot,2001,200,0.2,4,False,2.514932019985281,0.0,0.0,329575.8495176609,2,False
2026-10-06T22:52:10,rois-MBP,sequential,sequential,none,1,1x1,1000,1000,single_hotspot,2001,200,0.2,5,False,2.1793818199948873,0.0,0.0,329575.8495176609,2,False
2026-10-06T22:52:34,rois-MBP,slab_nonblocking,slab,nonblocking,2,2x1,1000,1000,single_hotspot,2001,200,0.2,0,True,2.7665389999997387,0.4263640000021951,0.0,329575.8495176609,2,False
2026-10-06T22:52:34,rois-MBP,slab_nonblocking,slab,nonblocking,2,2x1,1000,1000,single_hotspot,2001,200,0.2,1,False,2.6571389999999155,0.37066600000434846,0.0,329575.8495176609,2,False
2026-10-06T22:52:34,rois-MBP,slab_nonblocking,slab,nonblocking,2,2x1,1000,1000,single_hotspot,2001,200,0.2,2,False,2.8273450000001503,0.4831919999951424,0.0,329575.8495176609,2,False
2026-10-06T22:52:34,rois-MBP,slab_nonblocking,slab,nonblocking,2,2x1,1000,1000,single_hotspot,2001,200,0.2,3,False,3.0081610000002,0.46669500000007247,0.0,329575.8495176609,2,False
2026-10-06T22:52:34,rois-MBP,slab_nonblocking,slab,nonblocking,2,2x1,1000,1000,single_hotspot,2001,200,0.2,4,False,2.6632300000001123,0.4877310000019861,0.0,329575.8495176609,2,False
2026-10-06T22:52:34,rois-MBP,slab_nonblocking,slab,nonblocking,2,2x1,1000,1000,single_hotspot,2001,200,0.2,5,False,2.9083990000003723,0.40225299999974595,0.0,329575.8495176609,2,False
2026-10-06T22:53:07,rois-MBP,sequential,sequential,none,1,1x1,2000,2000,single_hotspot,2001,200,0.2,0,True,11.126149799005361,0.0,0.0,1318422.2571053181,2,False
2026-10-06T22:53:07,rois-MBP,sequential,sequential,none,1,1x1,2000,2000,single_hotspot,2001,200,0.2,1,False,10.734643822012004,0.0,0.0,1318422.2571053181,2,False
2026-10-06T22:53:07,rois-MBP,sequential,sequential,none,1,1x1,2000,2000,single_hotspot,2001,200,0.2,2,False,10.804069788980996,0.0,0.0,1318422.2571053181,2,False
2026-10-06T22:53:07,rois-MBP,sequential,sequential,none,1,1x1,2000,2000,single_hotspot,2001,200,0.2,3,False,10.86218270700192,0.0,0.0,1318422.2571053181,2,False
2026-10-06T22:53:07,rois-MBP,sequential,sequential,none,1,1x1,2000,2000,single_hotspot,2001,200,0.2,4,False,10.292652393021854,0.0,0.0,1318422.2571053181,2,False
2026-10-06T22:53:07,rois-MBP,sequential,sequential,none,1,1x1,2000,2000,single_hotspot,2001,200,0.2,5,False,10.429049363010563,0.0,0.0,1318422.2571053181,2,False
2026-10-06T22:54:24,rois-MBP,slab_blocking,slab,blocking,2,2x1,1000,1000,multiple_hotspots,3001,200,0.2,0,True,4.116169999999784,1.6421940000027462,0.0,383228.23938799737,2,False
2026-10-06T22:54:24,rois-MBP,slab_blocking,slab,blocking,2,2x1,1000,1000,multiple_hotspots,3001,200,0.2,1,False,3.7912249999999403,1.4988760000001093,0.0,383228.23938799737,2,False
2026-10-06T22:54:24,rois-MBP,slab_blocking,slab,blocking,2,2x1,1000,1000,multiple_hotspots,3001,200,0.2,2,False,4.051171999999951,1.7416520000047058,0.0,383228.23938799737,2,False
2026-10-06T22:54:24,rois-MBP,slab_blocking,slab,blocking,2,2x1,1000,1000,multiple_hotspots,3001,200,0.2,3,False,3.2705770000002303,1.1636640000001535,0.0,383228.23938799737,2,False
2026-10-06T22:54:24,rois-MBP,slab_blocking,slab,blocking,2,2x1,1000,1000,multiple_hotspots,3001,200,0.2,4,False,3.6910930000003646,1.4537989999948877,0.0,383228.23938799737,2,False
2026-10-06T22:54:24,rois-MBP,slab_blocking,slab,blocking,2,2x1,1000,1000,multiple_hotspots,3001,200,0.2,5,False,3.746577000000343,1.4667420000023412,0.0,383228.23938799737,2,False
2026-10-06T22:54:50,rois-MBP,slab_nonblocking,slab,nonblocking,1,1x1,500,500,single_hotspot,2001,200,0.2,0,True,0.4512119999999413,0.004618000004484202,0.0,82379.09019615178,2,False
2026-10-06T22:54:50,rois-MBP,slab_nonblocking,slab,nonblocking,1,1x1,500,500,single_hotspot,2001,200,0.2,1,False,0.4513889999998355,0.0039660000061303435,0.0,82379.09019615178,2,False
2026-10-06T22:54:50,rois-MBP,slab_nonblocking,slab,nonblocking,1,1x1,500,500,single_hotspot,2001,200,0.2,2,False,0.4514990000002399,0.004314000000249507,0.0,82379.09019615178,2,False
2026-10-06T22:54:50,rois-MBP,slab_nonblocking,slab,nonblocking,1,1x1,500,500,single_hotspot,2001,200,0.2,3,False,0.5902580000001763,0.004677999997966253,0.0,82379.09019615178,2,False
2026-10-06T22:54:50,rois-MBP,slab_nonblocking,slab,nonblocking,1,1x1,500,500,single_hotspot,2001,200,0.2,4,False,1.0186579999999594,0.006810000008044881,0.0,82379.09019615178,2,False
2026-10-06T22:54:50,rois-MBP,slab_nonblocking,slab,nonblocking,1,1x1,500,500,single_hotspot,2001,200,0.2,5,False,0.7132520000000113,0.0059350000087761146,0.0,82379.09019615178,2,False
2026-10-06T22:54:56,rois-MBP,cartesian_blocking,cartesian,blocking,2,2x1,500,500,single_hotspot,2001,200,0.2,0,True,1.049771000000419,0.576573999993343,0.0,82379.09019615178,2,False
2026-10-06T22:54:56,rois-MBP,cartesian_blocking,cartesian,blocking,2,2x1,500,500,single_hotspot,2001,200,0.2,1,False,1.3499580000002425,0.8064439999971,0.0,82379.09019615178,2,False
2026-10-06T22:54:56,rois-MBP,cartesian_blocking,cartesian,blocking,2,2x1,500,500,single_hotspot,2001,200,0.2,2,False,0.9837739999998121,0.4867790000034802,0.0,82379.09019615178,2,False
2026-10-06T22:54:56,rois-MBP,cartesian_blocking,cartesian,blocking,2,2x1,500,500,single_hotspot,2001,200,0.2,3,False,0.7827199999996992,0.3604480000003605,0.0,82379.09019615178,2,False
2026-10-06T22:54:56,rois-MBP,cartesian_blocking,cartesian,blocking,2,2x1,500,500,single_hotspot,2001,200,0.2,4,False,0.8956439999997201,0.4322409999958836,0.0,82379.09019615178,2,False
2026-10-06T22:54:56,rois-MBP,cartesian_blocking,cartesian,blocking,2,2x1,500,500,single_hotspot,2001,200,0.2,5,False,0.9619720000000598,0.5130850000045939,0.0,82379.09019615178,2,False
2026-10-06T22:55:13,rois-MBP,slab_blocking,slab,blocking,2,2x1,1000,1000,gradient,4001,200,0.2,0,True,3.7848979999998846,1.6248829999999543,0.0,572789.1379346924,2,False
2026-10-06T22:55:13,rois-MBP,slab_blocking,slab,blocking,2,2x1,1000,1000,gradient,4001,200,0.2,1,False,3.7937729999998737,1.3633919999970203,0.0,572789.1379346924,2,False
2026-10-06T22:55:13,rois-MBP,slab_blocking,slab,blocking,2,2x1,1000,1000,gradient,4001,200,0.2,2,False,3.4624659999999494,1.2061810000009245,0.0,572789.1379346924,2,False
2026-10-06T22:55:13,rois-MBP,slab_blocking,slab,blocking,2,2x1,1000,1000,gradient,4001,200,0.2,3,False,3.4690019999998185,1.3051079999977446,0.0,572789.1379346924,2,False
2026-10-06T22:55:13,rois-MBP,slab_blocking,slab,blocking,2,2x1,1000,1000,gradient,4001,200,0.2,4,False,3.274287000000186,1.11156100000062,0.0,572789.1379346924,2,False
2026-10-06T22:55:13,rois-MBP,slab_blocking,slab,blocking,2,2x1,1000,1000,gradient,4001,200,0.2,5,False,3.462655000000268,1.2593299999980445,0.0,572789.1379346924,2,False
2026-10-06T22:55:45,rois-MBP,cartesian_nonblocking,cartesian,nonblocking,2,2x1,1000,1000,multiple_hotspots,3001,200,0.2,0,True,2.8447729999998046,0.4820549999967625,0.0,383228.2393879974,2,False
2026-10-06T22:55:45,rois-MBP,cartesian_nonblocking,cartesian,nonblocking,2,2x1,1000,1000,multiple_hotspots,3001,200,0.2,1,False,2.5538830000000416,0.38924800000313553,0.0,383228.2393879974,2,False
2026-10-06T22:55:45,rois-MBP,cartesian_nonblocking,cartesian,nonblocking,2,2x1,1000,1000,multiple_hotspots,3001,200,0.2,2,False,2.5228400000000875,0.28876899999931993,0.0,383228.2393879974,2,False
2026-10-06T22:55:45,rois-MBP,cartesian_nonblocking,cartesian,nonblocking,2,2x1,1000,1000,multiple_hotspots,3001,200,0.2,3,False,2.8941909999998643,0.4959090000043034,0.0,383228.2393879974,2,False
2026-10-06T22:55:45,rois-MBP,cartesian_nonblocking,cartesian,nonblocking,2,2x1,1000,1000,multiple_hotspots,3001,200,0.2,4,False,2.780623000000105,0.5771199999994678,0.0,383228.2393879974,2,False
2026-10-06T22:55:45,rois-MBP,cartesian_nonblocking,cartesian,nonblocking,2,2x1,1000,1000,multiple_hotspots,3001,200,0.2,5,False,2.9114340000000993,0.6990910000022268,0.0,383228.2393879974,2,False
2026-10-06T22:56:05,rois-MBP,cartesian_nonblocking,cartesian,nonblocking,1,1x1,500,500,single_hotspot,2001,200,0.2,0,True,0.47065100000008897,0.007325999994463928,0.0,82379.09019615177,2,False
2026-10-06T22:56:05,rois-MBP,cartesian_nonblocking,cartesian,nonblocking,1,1x1,500,500,single_hotspot,2001,200,0.2,1,False,0.47164699999984805,0.00862299999789684,0.0,82379.09019615177,2,False
2026-10-06T22:56:05,rois-MBP,cartesian_nonblocking,cartesian,nonblocking,1,1x1,500,500,single_hotspot,2001,200,0.2,2,False,0.4692890000001171,0.009671000003891095,0.0,82379.09019615177,2,False
2026-10-06T22:56:05,rois-MBP,cartesian_nonblocking,cartesian,nonblocking,1,1x1,500,500,single_hotspot,2001,200,0.2,3,False,0.4636379999997189,0.007968999991589953,0.0,82379.09019615177,2,False
2026-10-06T22:56:05,rois-MBP,cartesian_nonblocking,cartesian,nonblocking,1,1x1,500,500,single_hotspot,2001,200,0.2,4,False,0.4582020000002558,0.007537000002230343,0.0,82379.09019615177,2,False
2026-10-06T22:56:05,rois-MBP,cartesian_nonblocking,cartesian,nonblocking,1,1x1,500,500,single_hotspot,2001,200,0.2,5,False,0.47403999999960433,0.007194000002073153,0.0,82379.09019615177,2,False
2026-10-06T22:56:26,rois-MBP,slab_nonblocking,slab,nonblocking,4,4x1,1000,1000,single_hotspot,2001,200,0.2,0,True,4.690617000000202,3.573638000001665,0.0,329575.8495176609,2,True
2026-10-06T22:56:26,rois-MBP,slab_nonblocking,slab,nonblocking,4,4x1,1000,1000,single_hotspot,2001,200,0.2,1,False,4.93191300000035,3.927942000002531,0.0,329575.8495176609,2,True
2026-10-06T22:56:26,rois-MBP,slab_nonblocking,slab,nonblocking,4,4x1,1000,1000,single_hotspot,2001,200,0.2,2,False,4.583564000000024,3.6391989999988255,0.0,329575.8495176609,2,True
2026-10-06T22:56:26,rois-MBP,slab_nonblocking,slab,nonblocking,4,4x1,1000,1000,single_hotspot,2001,200,0.2,3,False,4.601854999999887,3.34214899999688,0.0,329575.8495176609,2,True
2026-10-06T22:56:26,rois-MBP,slab_nonblocking,slab,nonblocking,4,4x1,1000,1000,single_hotspot,2001,200,0.2,4,False,4.977018000000044,3.988151999994443,0.0,329575.8495176609,2,True
2026-10-06T22:56:26,rois-MBP,slab_nonblocking,slab,nonblocking,4,4x1,1000,1000,single_hotspot,2001,200,0.2,5,False,4.819283999999698,3.844508000006954,0.0,329575.8495176609,2,True
2026-10-06T22:57:18,rois-MBP,slab_blocking,slab,blocking,4,4x1,1000,1000,single_hotspot,2001,200,0.2,0,True,8.046685000000252,7.0796949999962635,0.0,329575.8495176609,2,True
2026-10-06T22:57:18,rois-MBP,slab_blocking,slab,blocking,4,4x1,1000,1000,single_hotspot,2001,200,0.2,1,False,8.366769000000204,7.468738999990819,0.0,329575.8495176609,2,True
2026-10-06T22:57:18,rois-MBP,slab_blocking,slab,blocking,4,4x1,1000,1000,single_hotspot,2001,200,0.2,2,False,8.160534999999982,7.191882000000533,0.0,329575.8495176609,2,True
2026-10-06T22:57:18,rois-MBP,slab_blocking,slab,blocking,4,4x1,1000,1000,single_hotspot,2001,200,0.2,3,False,8.72138700000005,7.750994000000446,0.0,329575.8495176609,2,True
2026-10-06T22:57:18,rois-MBP,slab_blocking,slab,blocking,4,4x1,1000,1000,single_hotspot,2001,200,0.2,4,False,9.683105000000069,8.728311999996095,0.0,329575.8495176609,2,True
2026-10-06T22:57:18,rois-MBP,slab_blocking,slab,blocking,4,4x1,1000,1000,single_hotspot,2001,200,0.2,5,False,8.180595999999696,7.23800799999799,0.0,329575.8495176609,2,True
2026-10-06T22:58:20,rois-MBP,slab_nonblocking,slab,nonblocking,2,2x1,1000,1000,multiple_hotspots,3001,200,0.2,0,True,2.6289529999999104,0.3812080000016067,0.0,383228.23938799737,2,False
2026-10-06T22:58:20,rois-MBP,slab_nonblocking,slab,nonblocking,2,2x1,1000,1000,multiple_hotspots,3001,200,0.2,1,False,2.7542779999998857,0.419756000009329,0.0,383228.23938799737,2,False
2026-10-06T22:58:20,rois-MBP,slab_nonblocking,slab,nonblocking,2,2x1,1000,1000,multiple_hotspots,3001,200,0.2,2,False,2.5660900000002584,0.2860429999996086,0.0,383228.23938799737,2,False
2026-10-06T22:58:20,rois-MBP,slab_nonblocking,slab,nonblocking,2,2x1,1000,1000,multiple_hotspots,3001,200,0.2,3,False,2.782165999999961,0.4937110000028042,0.0,383228.23938799737,2,False
2026-10-06T22:58:20,rois-MBP,slab_nonblocking,slab,nonblocking,2,2x1,1000,1000,multiple_hotspots,3001,200,0.2,4,False,2.7563129999998637,0.617956000002323,0.0,383228.23938799737,2,False
2026-10-06T22:58:20,rois-MBP,slab_nonblocking,slab,nonblocking,2,2x1,1000,1000,multiple_hotspots,3001,200,0.2,5,False,2.7412680000002183,0.4555249999989428,0.0,383228.23938799737,2,False
2026-10-06T22:58:45,rois-MBP,cartesian_nonblocking,cartesian,nonblocking,1,1x1,1000,1000,single_hotspot,2001,200,0.2,0,True,2.9661270000001423,0.02432099999896309,0.0,329575.84951766086,2,False
2026-10-06T22:58:45,rois-MBP,cartesian_nonblocking,cartesian,nonblocking,1,1x1,1000,1000,single_hotspot,2001,200,0.2,1,False,2.7683999999999287,0.017870000004222675,0.0,329575.84951766086,2,False
2026-10-06T22:58:45,rois-MBP,cartesian_nonblocking,cartesian,nonblocking,1,1x1,1000,1000,single_hotspot,2001,200,0.2,2,False,2.7762080000002243,0.01899599999478596,0.0,329575.84951766086,2,False
2026-10-06T22:58:45,rois-MBP,cartesian_nonblocking,cartesian,nonblocking,1,1x1,1000,1000,single_hotspot,2001,200,0.2,3,False,2.950170999999955,0.014234000004307745,0.0,329575.84951766086,2,False
2026-10-06T22:58:45,rois-MBP,cartesian_nonblocking,cartesian,nonblocking,1,1x1,1000,1000,single_hotspot,2001,200,0.2,4,False,2.868572000000313,0.015110999996522878,0.0,329575.84951766086,2,False
2026-10-06T22:58:45,rois-MBP,cartesian_nonblocking,cartesian,nonblocking,1,1x1,1000,1000,single_hotspot,2001,200,0.2,5,False,2.825721000000158,0.013768999999228981,0.0,329575.84951766086,2,False
2026-10-06T23:00:03,rois-MBP,slab_nonblocking,slab,nonblocking,4,4x1,2000,2000,single_hotspot,2001,200,0.2,0,True,12.617857000000186,2.0813640000019404,0.0,1318422.2571053181,2,True
2026-10-06T23:00:03,rois-MBP,slab_nonblocking,slab,nonblocking,4,4x1,2000,2000,single_hotspot,2001,200,0.2,1,False,12.240685000000212,1.8018619999975272,0.0,1318422.2571053181,2,True
2026-10-06T23:00:03,rois-MBP,slab_nonblocking,slab,nonblocking,4,4x1,2000,2000,single_hotspot,2001,200,0.2,2,False,11.826802000000043,1.6530709999988176,0.0,1318422.2571053181,2,True
2026-10-06T23:00:03,rois-MBP,slab_nonblocking,slab,nonblocking,4,4x1,2000,2000,single_hotspot,2001,200,0.2,3,False,12.407466999999997,1.9879189999974187,0.0,1318422.2571053181,2,True
2026-10-06T23:00:03,rois-MBP,slab_nonblocking,slab,nonblocking,4,4x1,2000,2000,single_hotspot,2001,200,0.2,4,False,12.421248000000105,2.292712000000847,0.0,1318422.2571053181,2,True
2026-10-06T23:00:03,rois-MBP,slab_nonblocking,slab,nonblocking,4,4x1,2000,2000,single_hotspot,2001,200,0.2,5,False,11.293908000000101,1.5344049999989693,0.0,1318422.2571053181,2,True
2026-10-06T23:01:30,rois-MBP,slab_nonblocking,slab,nonblocking,2,2x1,1000,1000,gradient,4001,200,0.2,0,True,2.583826000000002,0.43785000000005425,0.0,572789.1379346924,2,False
2026-10-06T23:01:30,rois-MBP,slab_nonblocking,slab,nonblocking,2,2x1,1000,1000,gradient,4001,200,0.2,1,False,2.783570999999995,0.46761800000014375,0.0,572789.1379346924,2,False
2026-10-06T23:01:30,rois-MBP,slab_nonblocking,slab,nonblocking,2,2x1,1000,1000,gradient,4001,200,0.2,2,False,2.5417109999999923,0.3042530000000596,0.0,572789.1379346924,2,False
2026-10-06T23:01:30,rois-MBP,slab_nonblocking,slab,nonblocking,2,2x1,1000,1000,gradient,4001,200,0.2,3,False,2.5166189999999915,0.31857699999982003,0.0,572789.1379346924,2,False
2026-10-06T23:01:30,rois-MBP,slab_nonblocking,slab,nonblocking,2,2x1,1000,1000,gradient,4001,200,0.2,4,False,2.7339629999999886,0.43150900000013337,0.0,572789.1379346924,2,False
2026-10-06T23:01:30,rois-MBP,slab_nonblocking,slab,nonblocking,2,2x1,1000,1000,gradient,4001,200,0.2,5,False,2.5571120000000036,0.3068940000000566,0.0,572789.1379346924,2,False
2026-10-06T23:01:56,rois-MBP,cartesian_blocking,cartesian,blocking,2,2x1,1000,1000,multiple_hotspots,3001,200,0.2,0,True,3.4803890000000024,1.3142680000000126,0.0,383228.2393879974,2,False
2026-10-06T23:01:56,rois-MBP,cartesian_blocking,cartesian,blocking,2,2x1,1000,1000,multiple_hotspots,3001,200,0.2,1,False,3.382313999999994,1.2280109999998388,0.0,383228.2393879974,2,False
2026-10-06T23:01:56,rois-MBP,cartesian_blocking,cartesian,blocking,2,2x1,1000,1000,multiple_hotspots,3001,200,0.2,2,False,3.8944639999999993,1.484006999999906,0.0,383228.2393879974,2,False
2026-10-06T23:01:56,rois-MBP,cartesian_blocking,cartesian,blocking,2,2x1,1000,1000,multiple_hotspots,3001,200,0.2,3,False,3.413427999999982,1.3541569999999012,0.0,383228.2393879974,2,False
2026-10-06T23:01:56,rois-MBP,cartesian_blocking,cartesian,blocking,2,2x1,1000,1000,multiple_hotspots,3001,200,0.2,4,False,3.3238159999999937,1.282562000000297,0.0,383228.2393879974,2,False
2026-10-06T23:01:56,rois-MBP,cartesian_blocking,cartesian,blocking,2,2x1,1000,1000,multiple_hotspots,3001,200,0.2,5,False,3.469052999999974,1.327467999999726,0.0,383228.2393879974,2,False
2026-10-06T23:02:26,rois-MBP,slab_nonblocking,slab,nonblocking,1,1x1,1000,1000,single_hotspot,2001,200,0.2,0,True,2.7185619999999915,0.011535000000264972,0.0,329575.8495176609,2,False
2026-10-06T23:02:26,rois-MBP,slab_nonblocking,slab,nonblocking,1,1x1,1000,1000,single_hotspot,2001,200,0.2,1,False,3.0904370000000085,0.012368000000066104,0.0,329575.8495176609,2,False
2026-10-06T23:02:26,rois-MBP,slab_nonblocking,slab,nonblocking,1,1x1,1000,1000,single_hotspot,2001,200,0.2,2,False,3.2654090000000053,0.008998999999988655,0.0,329575.8495176609,2,False
2026-10-06T23:02:26,rois-MBP,slab_nonblocking,slab,nonblocking,1,1x1,1000,1000,single_hotspot,2001,200,0.2,3,False,3.410564999999991,0.008327000000235785,0.0,329575.8495176609,2,False
2026-10-06T23:02:26,rois-MBP,slab_nonblocking,slab,nonblocking,1,1x1,1000,1000,single_hotspot,2001,200,0.2,4,False,2.6801069999999925,0.007035999999970954,0.0,329575.8495176609,2,False
2026-10-06T23:02:26,rois-MBP,slab_nonblocking,slab,nonblocking,1,1x1,1000,1000,single_hotspot,2001,200,0.2,5,False,3.0347989999999925,0.010467000000119242,0.0,329575.8495176609,2,False
2026-10-06T23:02:47,rois-MBP,slab_nonblocking,slab,nonblocking,2,2x1,500,500,single_hotspot,2001,200,0.2,0,True,0.9583429999999851,0.3974440000002346,0.0,82379.09019615178,2,False
2026-10-06T23:02:47,rois-MBP,slab_nonblocking,slab,nonblocking,2,2x1,500,500,single_hotspot,2001,200,0.2,1,False,0.7202249999999992,0.27531399999980977,0.0,82379.09019615178,2,False
2026-10-06T23:02:47,rois-MBP,slab_nonblocking,slab,nonblocking,2,2x1,500,500,single_hotspot,2001,200,0.2,2,False,1.0884580000000028,0.5809799999998404,0.0,82379.09019615178,2,False
2026-10-06T23:02:47,rois-MBP,slab_nonblocking,slab,nonblocking,2,2x1,500,500,single_hotspot,2001,200,0.2,3,False,0.7572439999999858,0.34441299999983244,0.0,82379.09019615178,2,False
2026-10-06T23:02:47,rois-MBP,slab_nonblocking,slab,nonblocking,2,2x1,500,500,single_hotspot,2001,200,0.2,4,False,1.1477789999999857,0.5538839999997265,0.0,82379.09019615178,2,False
2026-10-06T23:02:47,rois-MBP,slab_nonblocking,slab,nonblocking,2,2x1,500,500,single_hotspot,2001,200,0.2,5,False,0.9008169999999893,0.45646400000049425,0.0,82379.09019615178,2,False
2026-10-06T23:03:22,rois-MBP,cartesian_blocking,cartesian,blocking,1,1x1,2000,2000,single_hotspot,2001,200,0.2,0,True,13.007470999999981,0.013731000000205995,0.0,1318422.2571053172,2,False
2026-10-06T23:03:22,rois-MBP,cartesian_blocking,cartesian,blocking,1,1x1,2000,2000,single_hotspot,2001,200,0.2,1,False,13.334767,0.017034999999992806,0.0,1318422.2571053172,2,False
2026-10-06T23:03:22,rois-MBP,cartesian_blocking,cartesian,blocking,1,1x1,2000,2000,single_hotspot,2001,200,0.2,2,False,13.335600999999997,0.01393200000003958,0.0,1318422.2571053172,2,False
2026-10-06T23:03:22,rois-MBP,cartesian_blocking,cartesian,blocking,1,1x1,2000,2000,single_hotspot,2001,200,0.2,3,False,13.589085000000011,0.01838500000002341,0.0,1318422.2571053172,2,False
2026-10-06T23:03:22,rois-MBP,cartesian_blocking,cartesian,blocking,1,1x1,2000,2000,single_hotspot,2001,200,0.2,4,False,13.064135000000022,0.018846999999027503,0.0,1318422.2571053172,2,False
2026-10-06T23:03:22,rois-MBP,cartesian_blocking,cartesian,blocking,1,1x1,2000,2000,single_hotspot,2001,200,0.2,5,False,13.34421900000001,0.011660000000802029,0.0,1318422.2571053172,2,False
2026-10-06T23:04:54,rois-MBP,cartesian_blocking,cartesian,blocking,2,2x1,1000,1000,single_hotspot,2001,200,0.2,0,True,3.8193899999999985,1.5083749999998304,0.0,329575.849517661,2,False
2026-10-06T23:04:54,rois-MBP,cartesian_blocking,cartesian,blocking,2,2x1,1000,1000,single_hotspot,2001,200,0.2,1,False,3.7322900000000345,1.5098950000004834,0.0,329575.849517661,2,False
2026-10-06T23:04:54,rois-MBP,cartesian_blocking,cartesian,blocking,2,2x1,1000,1000,single_hotspot,2001,200,0.2,2,False,3.9513750000000414,1.5236789999997882,0.0,329575.849517661,2,False
2026-10-06T23:04:54,rois-MBP,cartesian_blocking,cartesian,blocking,2,2x1,1000,1000,single_hotspot,2001,200,0.2,3,False,3.5123100000000136,1.4266569999999774,0.0,329575.849517661,2,False
2026-10-06T23:04:54,rois-MBP,cartesian_blocking,cartesian,blocking,2,2x1,1000,1000,single_hotspot,2001,200,0.2,4,False,3.8236860000000092,1.570873999999776,0.0,329575.849517661,2,False
2026-10-06T23:04:54,rois-MBP,cartesian_blocking,cartesian,blocking,2,2x1,1000,1000,single_hotspot,2001,200,0.2,5,False,3.5647749999999974,1.3488849999997683,0.0,329575.849517661,2,False
2026-10-06T23:05:28,rois-MBP,cartesian_nonblocking,cartesian,nonblocking,2,2x1,1000,1000,single_hotspot,2001,200,0.2,0,True,2.7208969999999795,0.47966000000064923,0.0,329575.849517661,2,False
2026-10-06T23:05:28,rois-MBP,cartesian_nonblocking,cartesian,nonblocking,2,2x1,1000,1000,single_hotspot,2001,200,0.2,1,False,2.7883790000000204,0.39179000000029873,0.0,329575.849517661,2,False
2026-10-06T23:05:28,rois-MBP,cartesian_nonblocking,cartesian,nonblocking,2,2x1,1000,1000,single_hotspot,2001,200,0.2,2,False,2.672933999999998,0.4150050000000647,0.0,329575.849517661,2,False
2026-10-06T23:05:28,rois-MBP,cartesian_nonblocking,cartesian,nonblocking,2,2x1,1000,1000,single_hotspot,2001,200,0.2,3,False,2.5688840000000255,0.4231229999994639,0.0,329575.849517661,2,False
2026-10-06T23:05:28,rois-MBP,cartesian_nonblocking,cartesian,nonblocking,2,2x1,1000,1000,single_hotspot,2001,200,0.2,4,False,2.5629710000000046,0.39786800000001676,0.0,329575.849517661,2,False
2026-10-06T23:05:28,rois-MBP,cartesian_nonblocking,cartesian,nonblocking,2,2x1,1000,1000,single_hotspot,2001,200,0.2,5,False,3.095655000000022,0.7903600000005326,0.0,329575.849517661,2,False
2026-10-06T23:05:47,rois-MBP,cartesian_blocking,cartesian,blocking,1,1x1,500,500,single_hotspot,2001,200,0.2,0,True,0.43556499999999687,0.005086000000176227,0.0,82379.09019615177,2,False
2026-10-06T23:05:47,rois-MBP,cartesian_blocking,cartesian,blocking,1,1x1,500,500,single_hotspot,2001,200,0.2,1,False,0.594916000000012,0.008743000000038137,0.0,82379.09019615177,2,False
2026-10-06T23:05:47,rois-MBP,cartesian_blocking,cartesian,blocking,1,1x1,500,500,single_hotspot,2001,200,0.2,2,False,0.5850240000000326,0.0063029999996615516,0.0,82379.09019615177,2,False
2026-10-06T23:05:47,rois-MBP,cartesian_blocking,cartesian,blocking,1,1x1,500,500,single_hotspot,2001,200,0.2,3,False,0.46776199999999335,0.005423999999379703,0.0,82379.09019615177,2,False
2026-10-06T23:05:47,rois-MBP,cartesian_blocking,cartesian,blocking,1,1x1,500,500,single_hotspot,2001,200,0.2,4,False,0.4487869999999816,0.004794000000174492,0.0,82379.09019615177,2,False
2026-10-06T23:05:47,rois-MBP,cartesian_blocking,cartesian,blocking,1,1x1,500,500,single_hotspot,2001,200,0.2,5,False,0.46050100000002203,0.007245000000409618,0.0,82379.09019615177,2,False
2026-10-06T23:05:58,rois-MBP,slab_nonblocking,slab,nonblocking,2,2x1,1000,1000,uniform,1001,200,0.2,0,True,2.421882000000039,0.35443500000047834,0.0,493925.11545929627,2,False
2026-10-06T23:05:58,rois-MBP,slab_nonblocking,slab,nonblocking,2,2x1,1000,1000,uniform,1001,200,0.2,1,False,2.5022129999999834,0.4205609999990543,0.0,493925.11545929627,2,False
2026-10-06T23:05:58,rois-MBP,slab_nonblocking,slab,nonblocking,2,2x1,1000,1000,uniform,1001,200,0.2,2,False,2.800417999999979,0.4122600000000034,0.0,493925.11545929627,2,False
2026-10-06T23:05:58,rois-MBP,slab_nonblocking,slab,nonblocking,2,2x1,1000,1000,uniform,1001,200,0.2,3,False,2.312486999999976,0.261668000000725,0.0,493925.11545929627,2,False
2026-10-06T23:05:58,rois-MBP,slab_nonblocking,slab,nonblocking,2,2x1,1000,1000,uniform,1001,200,0.2,4,False,2.8586710000000153,0.7069280000000617,0.0,493925.11545929627,2,False
2026-10-06T23:05:58,rois-MBP,slab_nonblocking,slab,nonblocking,2,2x1,1000,1000,uniform,1001,200,0.2,5,False,2.5251739999999927,0.338587000000075,0.0,493925.11545929627,2,False
2026-10-06T23:06:25,rois-MBP,slab_blocking,slab,blocking,2,2x1,1000,1000,single_hotspot,2001,200,0.2,0,True,3.44454300000001,1.3764189999999985,0.0,329575.8495176609,2,False
2026-10-06T23:06:25,rois-MBP,slab_blocking,slab,blocking,2,2x1,1000,1000,single_hotspot,2001,200,0.2,1,False,3.766813999999954,1.6610849999998436,0.0,329575.8495176609,2,False
2026-10-06T23:06:25,rois-MBP,slab_blocking,slab,blocking,2,2x1,1000,1000,single_hotspot,2001,200,0.2,2,False,3.4689010000000167,1.3303619999995817,0.0,329575.8495176609,2,False
2026-10-06T23:06:25,rois-MBP,slab_blocking,slab,blocking,2,2x1,1000,1000,single_hotspot,2001,200,0.2,3,False,3.334409999999991,1.1657140000000936,0.0,329575.8495176609,2,False
2026-10-06T23:06:25,rois-MBP,slab_blocking,slab,blocking,2,2x1,1000,1000,single_hotspot,2001,200,0.2,4,False,3.323098000000016,1.2078719999994405,0.0,329575.8495176609,2,False
2026-10-06T23:06:25,rois-MBP,slab_blocking,slab,blocking,2,2x1,1000,1000,single_hotspot,2001,200,0.2,5,False,4.068164000000024,1.7451460000000338,0.0,329575.8495176609,2,False
2026-10-06T23:06:49,rois-MBP,sequential,sequential,none,1,1x1,1000,1000,uniform,1001,200,0.2,0,True,2.381149495980935,0.0,0.0,493925.11545929627,2,False
2026-10-06T23:06:49,rois-MBP,sequential,sequential,none,1,1x1,1000,1000,uniform,1001,200,0.2,1,False,2.0925083739857655,0.0,0.0,493925.11545929627,2,False
2026-10-06T23:06:49,rois-MBP,sequential,sequential,none,1,1x1,1000,1000,uniform,1001,200,0.2,2,False,2.065895422012545,0.0,0.0,493925.11545929627,2,False
2026-10-06T23:06:49,rois-MBP,sequential,sequential,none,1,1x1,1000,1000,uniform,1001,200,0.2,3,False,2.0281078959815204,0.0,0.0,493925.11545929627,2,False
2026-10-06T23:06:49,rois-MBP,sequential,sequential,none,1,1x1,1000,1000,uniform,1001,200,0.2,4,False,2.011325638013659,0.0,0.0,493925.11545929627,2,False
2026-10-06T23:06:49,rois-MBP,sequential,sequential,none,1,1x1,1000,1000,uniform,1001,200,0.2,5,False,1.9727890680078417,0.0,0.0,493925.11545929627,2,False
2026-10-06T23:07:41,rois-MBP,cartesian_blocking,cartesian,blocking,2,2x1,2000,2000,single_hotspot,2001,200,0.2,0,True,14.056309999999996,2.9808280000002014,0.0,1318422.257105317,2,False
2026-10-06T23:07:41,rois-MBP,cartesian_blocking,cartesian,blocking,2,2x1,2000,2000,single_hotspot,2001,200,0.2,1,False,14.577751000000035,2.979037000000119,0.0,1318422.257105317,2,False
2026-10-06T23:07:41,rois-MBP,cartesian_blocking,cartesian,blocking,2,2x1,2000,2000,single_hotspot,2001,200,0.2,2,False,13.996060999999997,3.0867579999998043,0.0,1318422.257105317,2,False
2026-10-06T23:07:41,rois-MBP,cartesian_blocking,cartesian,blocking,2,2x1,2000,2000,single_hotspot,2001,200,0.2,3,False,13.561428999999976,2.5020369999990635,0.0,1318422.257105317,2,False
2026-10-06T23:07:41,rois-MBP,cartesian_blocking,cartesian,blocking,2,2x1,2000,2000,single_hotspot,2001,200,0.2,4,False,14.14376500000003,2.794019999999591,0.0,1318422.257105317,2,False
2026-10-06T23:07:41,rois-MBP,cartesian_blocking,cartesian,blocking,2,2x1,2000,2000,single_hotspot,2001,200,0.2,5,False,13.878627999999935,2.8237209999994093,0.0,1318422.257105317,2,False
2026-10-06T23:10:14,rois-MBP,cartesian_blocking,cartesian,blocking,4,2x2,2000,2000,single_hotspot,2001,200,0.2,0,True,24.14002000000005,16.148078999999484,0.0,1318422.257105318,2,True
2026-10-06T23:10:14,rois-MBP,cartesian_blocking,cartesian,blocking,4,2x2,2000,2000,single_hotspot,2001,200,0.2,1,False,23.565993999999932,15.752116999999885,0.0,1318422.257105318,2,True
2026-10-06T23:10:14,rois-MBP,cartesian_blocking,cartesian,blocking,4,2x2,2000,2000,single_hotspot,2001,200,0.2,2,False,24.996493999999984,16.843675000000303,0.0,1318422.257105318,2,True
2026-10-06T23:10:14,rois-MBP,cartesian_blocking,cartesian,blocking,4,2x2,2000,2000,single_hotspot,2001,200,0.2,3,False,23.412482999999952,15.204531999999858,0.0,1318422.257105318,2,True
2026-10-06T23:10:14,rois-MBP,cartesian_blocking,cartesian,blocking,4,2x2,2000,2000,single_hotspot,2001,200,0.2,4,False,22.16362199999992,14.248331999998527,0.0,1318422.257105318,2,True
2026-10-06T23:10:14,rois-MBP,cartesian_blocking,cartesian,blocking,4,2x2,2000,2000,single_hotspot,2001,200,0.2,5,False,22.558715000000007,14.262484000000995,0.0,1318422.257105318,2,True
2026-10-06T23:12:50,rois-MBP,cartesian_nonblocking,cartesian,nonblocking,2,2x1,1000,1000,uniform,1001,200,0.2,0,True,2.6803489999999783,0.6202519999980041,0.0,493925.1154592966,2,False
2026-10-06T23:12:50,rois-MBP,cartesian_nonblocking,cartesian,nonblocking,2,2x1,1000,1000,uniform,1001,200,0.2,1,False,2.8820839999999635,0.54319699999985,0.0,493925.1154592966,2,False
2026-10-06T23:12:50,rois-MBP,cartesian_nonblocking,cartesian,nonblocking,2,2x1,1000,1000,uniform,1001,200,0.2,2,False,2.719006000000036,0.4162270000008448,0.0,493925.1154592966,2,False
2026-10-06T23:12:50,rois-MBP,cartesian_nonblocking,cartesian,nonblocking,2,2x1,1000,1000,uniform,1001,200,0.2,3,False,2.5482090000000426,0.3793480000017553,0.0,493925.1154592966,2,False
2026-10-06T23:12:50,rois-MBP,cartesian_nonblocking,cartesian,nonblocking,2,2x1,1000,1000,uniform,1001,200,0.2,4,False,3.1713780000000042,0.6212220000001025,0.0,493925.1154592966,2,False
2026-10-06T23:12:50,rois-MBP,cartesian_nonblocking,cartesian,nonblocking,2,2x1,1000,1000,uniform,1001,200,0.2,5,False,2.906025999999997,0.4249580000005153,0.0,493925.1154592966,2,False
2026-10-06T23:13:26,rois-MBP,cartesian_nonblocking,cartesian,nonblocking,4,2x2,1000,1000,single_hotspot,2001,200,0.2,0,True,5.723973999999998,4.683969999999931,0.0,329575.8495176609,2,True
2026-10-06T23:13:26,rois-MBP,cartesian_nonblocking,cartesian,nonblocking,4,2x2,1000,1000,single_hotspot,2001,200,0.2,1,False,5.134078000000045,4.1076979999993455,0.0,329575.8495176609,2,True
2026-10-06T23:13:26,rois-MBP,cartesian_nonblocking,cartesian,nonblocking,4,2x2,1000,1000,single_hotspot,2001,200,0.2,2,False,4.731547999999975,3.8451430000002347,0.0,329575.8495176609,2,True
2026-10-06T23:13:26,rois-MBP,cartesian_nonblocking,cartesian,nonblocking,4,2x2,1000,1000,single_hotspot,2001,200,0.2,3,False,6.053176000000008,4.961365000000569,0.0,329575.8495176609,2,True
2026-10-06T23:13:26,rois-MBP,cartesian_nonblocking,cartesian,nonblocking,4,2x2,1000,1000,single_hotspot,2001,200,0.2,4,False,5.0354750000000195,4.083214999999427,0.0,329575.8495176609,2,True
2026-10-06T23:13:26,rois-MBP,cartesian_nonblocking,cartesian,nonblocking,4,2x2,1000,1000,single_hotspot,2001,200,0.2,5,False,4.669264999999996,3.81755899999996,0.0,329575.8495176609,2,True
2026-10-06T23:14:05,rois-MBP,cartesian_blocking,cartesian,blocking,1,1x1,1000,1000,single_hotspot,2001,200,0.2,0,True,2.867896999999971,0.006485000000566288,0.0,329575.84951766086,2,False
2026-10-06T23:14:05,rois-MBP,cartesian_blocking,cartesian,blocking,1,1x1,1000,1000,single_hotspot,2001,200,0.2,1,False,6.199175999999966,0.013452000000825137,0.0,329575.84951766086,2,False
2026-10-06T23:14:05,rois-MBP,cartesian_blocking,cartesian,blocking,1,1x1,1000,1000,single_hotspot,2001,200,0.2,2,False,3.5538870000000315,0.011233999999831212,0.0,329575.84951766086,2,False
2026-10-06T23:14:05,rois-MBP,cartesian_blocking,cartesian,blocking,1,1x1,1000,1000,single_hotspot,2001,200,0.2,3,False,3.810267000000067,0.011008000000174434,0.0,329575.84951766086,2,False
2026-10-06T23:14:05,rois-MBP,cartesian_blocking,cartesian,blocking,1,1x1,1000,1000,single_hotspot,2001,200,0.2,4,False,3.233034000000089,0.021290999998655025,0.0,329575.84951766086,2,False
2026-10-06T23:14:05,rois-MBP,cartesian_blocking,cartesian,blocking,1,1x1,1000,1000,single_hotspot,2001,200,0.2,5,False,9.031228000000056,0.048242999999729363,0.0,329575.84951766086,2,False
2026-10-06T23:14:35,rois-MBP,sequential,sequential,none,1,1x1,500,500,single_hotspot,2001,200,0.2,0,True,0.6377125059952959,0.0,0.0,82379.09019615178,2,False
2026-10-06T23:14:35,rois-MBP,sequential,sequential,none,1,1x1,500,500,single_hotspot,2001,200,0.2,1,False,0.799746447999496,0.0,0.0,82379.09019615178,2,False
2026-10-06T23:14:35,rois-MBP,sequential,sequential,none,1,1x1,500,500,single_hotspot,2001,200,0.2,2,False,0.5047201419947669,0.0,0.0,82379.09019615178,2,False
2026-10-06T23:14:35,rois-MBP,sequential,sequential,none,1,1x1,500,500,single_hotspot,2001,200,0.2,3,False,0.9932104139879812,0.0,0.0,82379.09019615178,2,False
2026-10-06T23:14:35,rois-MBP,sequential,sequential,none,1,1x1,500,500,single_hotspot,2001,200,0.2,4,False,0.43093414400937036,0.0,0.0,82379.09019615178,2,False
2026-10-06T23:14:35,rois-MBP,sequential,sequential,none,1,1x1,500,500,single_hotspot,2001,200,0.2,5,False,0.5969792490068357,0.0,0.0,82379.09019615178,2,False
2026-10-06T23:14:52,rois-MBP,slab_blocking,slab,blocking,4,4x1,500,500,single_hotspot,2001,200,0.2,0,True,7.18481799999995,6.970571999999493,0.0,82379.09019615178,2,True
2026-10-06T23:14:52,rois-MBP,slab_blocking,slab,blocking,4,4x1,500,500,single_hotspot,2001,200,0.2,1,False,6.377027999999996,6.195934999999736,0.0,82379.09019615178,2,True
2026-10-06T23:14:52,rois-MBP,slab_blocking,slab,blocking,4,4x1,500,500,single_hotspot,2001,200,0.2,2,False,11.060484000000088,10.733802999998943,0.0,82379.09019615178,2,True
2026-10-06T23:14:52,rois-MBP,slab_blocking,slab,blocking,4,4x1,500,500,single_hotspot,2001,200,0.2,3,False,8.55205699999999,8.289830999999708,0.0,82379.09019615178,2,True
2026-10-06T23:14:52,rois-MBP,slab_blocking,slab,blocking,4,4x1,500,500,single_hotspot,2001,200,0.2,4,False,13.412631000000033,13.097844999998983,0.0,82379.09019615178,2,True
2026-10-06T23:14:52,rois-MBP,slab_blocking,slab,blocking,4,4x1,500,500,single_hotspot,2001,200,0.2,5,False,11.943077000000017,11.48184700000047,0.0,82379.09019615178,2,True
2026-10-06T23:16:34,rois-MBP,slab_blocking,slab,blocking,1,1x1,2000,2000,single_hotspot,2001,200,0.2,0,True,32.22043800000006,0.021475000000805267,0.0,1318422.2571053181,2,False
2026-10-06T23:16:34,rois-MBP,slab_blocking,slab,blocking,1,1x1,2000,2000,single_hotspot,2001,200,0.2,1,False,92.41015599999992,0.02698799999802759,0.0,1318422.2571053181,2,False
2026-10-06T23:16:34,rois-MBP,slab_blocking,slab,blocking,1,1x1,2000,2000,single_hotspot,2001,200,0.2,2,False,62.77958100000001,0.03248499999926935,0.0,1318422.2571053181,2,False
2026-10-06T23:16:34,rois-MBP,slab_blocking,slab,blocking,1,1x1,2000,2000,single_hotspot,2001,200,0.2,3,False,82.57315300000005,0.03092399999900408,0.0,1318422.2571053181,2,False
2026-10-06T23:16:34,rois-MBP,slab_blocking,slab,blocking,1,1x1,2000,2000,single_hotspot,2001,200,0.2,4,False,40.58481500000016,0.013557000000673725,0.0,1318422.2571053181,2,False
2026-10-06T23:16:34,rois-MBP,slab_blocking,slab,blocking,1,1x1,2000,2000,single_hotspot,2001,200,0.2,5,False,43.03846900000008,0.07583499999918786,0.0,1318422.2571053181,2,False
2026-10-06T23:25:10,rois-MBP,slab_blocking,slab,blocking,4,4x1,2000,2000,single_hotspot,2001,200,0.2,0,True,35.34359100000006,20.84144599999786,0.0,1318422.2571053181,2,True
2026-10-06T23:25:10,rois-MBP,slab_blocking,slab,blocking,4,4x1,2000,2000,single_hotspot,2001,200,0.2,1,False,20.117676999999958,10.96882000000096,0.0,1318422.2571053181,2,True
2026-10-06T23:25:10,rois-MBP,slab_blocking,slab,blocking,4,4x1,2000,2000,single_hotspot,2001,200,0.2,2,False,20.26006200000006,11.631584000000657,0.0,1318422.2571053181,2,True
2026-10-06T23:25:10,rois-MBP,slab_blocking,slab,blocking,4,4x1,2000,2000,single_hotspot,2001,200,0.2,3,False,22.30998899999986,12.354482000002236,0.0,1318422.2571053181,2,True
2026-10-06T23:25:10,rois-MBP,slab_blocking,slab,blocking,4,4x1,2000,2000,single_hotspot,2001,200,0.2,4,False,17.291251000000102,9.182607000000871,0.0,1318422.2571053181,2,True
2026-10-06T23:25:10,rois-MBP,slab_blocking,slab,blocking,4,4x1,2000,2000,single_hotspot,2001,200,0.2,5,False,28.35242100000005,16.132255000001805,0.0,1318422.2571053181,2,True
2026-10-06T23:28:29,rois-MBP,cartesian_blocking,cartesian,blocking,4,2x2,1000,1000,single_hotspot,2001,200,0.2,0,True,18.084395000000086,16.842395999999553,0.0,329575.8495176609,2,True
2026-10-06T23:28:29,rois-MBP,cartesian_blocking,cartesian,blocking,4,2x2,1000,1000,single_hotspot,2001,200,0.2,1,False,22.50630000000001,20.857551000001195,0.0,329575.8495176609,2,True
2026-10-06T23:28:29,rois-MBP,cartesian_blocking,cartesian,blocking,4,2x2,1000,1000,single_hotspot,2001,200,0.2,2,False,16.30334700000003,15.265397999998868,0.0,329575.8495176609,2,True
2026-10-06T23:28:29,rois-MBP,cartesian_blocking,cartesian,blocking,4,2x2,1000,1000,single_hotspot,2001,200,0.2,3,False,12.115454,11.177783000002364,0.0,329575.8495176609,2,True
2026-10-06T23:28:29,rois-MBP,cartesian_blocking,cartesian,blocking,4,2x2,1000,1000,single_hotspot,2001,200,0.2,4,False,15.131432000000132,13.832515999999714,0.0,329575.8495176609,2,True
2026-10-06T23:28:29,rois-MBP,cartesian_blocking,cartesian,blocking,4,2x2,1000,1000,single_hotspot,2001,200,0.2,5,False,15.566585000000032,14.749740999998494,0.0,329575.8495176609,2,True
2026-10-06T23:30:16,rois-MBP,cartesian_nonblocking,cartesian,nonblocking,2,2x1,500,500,single_hotspot,2001,200,0.2,0,True,1.9235959999998613,1.29338800000005,0.0,82379.09019615178,2,False
2026-10-06T23:30:16,rois-MBP,cartesian_nonblocking,cartesian,nonblocking,2,2x1,500,500,single_hotspot,2001,200,0.2,1,False,1.1068850000001476,0.6199289999992743,0.0,82379.09019615178,2,False
2026-10-06T23:30:16,rois-MBP,cartesian_nonblocking,cartesian,nonblocking,2,2x1,500,500,single_hotspot,2001,200,0.2,2,False,0.7950339999999869,0.41972199999736404,0.0,82379.09019615178,2,False
2026-10-06T23:30:16,rois-MBP,cartesian_nonblocking,cartesian,nonblocking,2,2x1,500,500,single_hotspot,2001,200,0.2,3,False,0.6599049999999806,0.2883489999996982,0.0,82379.09019615178,2,False
2026-10-06T23:30:16,rois-MBP,cartesian_nonblocking,cartesian,nonblocking,2,2x1,500,500,single_hotspot,2001,200,0.2,4,False,0.8718049999999948,0.35891099999548715,0.0,82379.09019615178,2,False
2026-10-06T23:30:16,rois-MBP,cartesian_nonblocking,cartesian,nonblocking,2,2x1,500,500,single_hotspot,2001,200,0.2,5,False,0.670076999999992,0.27722700000117584,0.0,82379.09019615178,2,False
2026-10-06T23:31:08,rois-MBP,slab_nonblocking,slab,nonblocking,2,2x1,2000,2000,single_hotspot,2001,200,0.2,0,True,11.95722099999989,0.21908200000007128,0.0,1318422.2571053181,2,False
2026-10-06T23:31:08,rois-MBP,slab_nonblocking,slab,nonblocking,2,2x1,2000,2000,single_hotspot,2001,200,0.2,1,False,10.790377000000035,0.2069830000014008,0.0,1318422.2571053181,2,False
2026-10-06T23:31:08,rois-MBP,slab_nonblocking,slab,nonblocking,2,2x1,2000,2000,single_hotspot,2001,200,0.2,2,False,10.632220999999845,0.1469229999995605,0.0,1318422.2571053181,2,False
2026-10-06T23:31:08,rois-MBP,slab_nonblocking,slab,nonblocking,2,2x1,2000,2000,single_hotspot,2001,200,0.2,3,False,10.526316000000179,0.04478200000130528,0.0,1318422.2571053181,2,False
2026-10-06T23:31:08,rois-MBP,slab_nonblocking,slab,nonblocking,2,2x1,2000,2000,single_hotspot,2001,200,0.2,4,False,10.300488000000087,0.16490199999861943,0.0,1318422.2571053181,2,False
2026-10-06T23:31:08,rois-MBP,slab_nonblocking,slab,nonblocking,2,2x1,2000,2000,single_hotspot,2001,200,0.2,5,False,14.457165000000032,0.6776189999975486,0.0,1318422.2571053181,2,False
2026-10-06T23:32:30,rois-MBP,slab_blocking,slab,blocking,2,2x1,1000,1000,uniform,1001,200,0.2,0,True,4.1907300000000305,2.0781400000009853,0.0,493925.11545929627,2,False
2026-10-06T23:32:30,rois-MBP,slab_blocking,slab,blocking,2,2x1,1000,1000,uniform,1001,200,0.2,1,False,4.325151000000005,1.8513289999993958,0.0,493925.11545929627,2,False
2026-10-06T23:32:30,rois-MBP,slab_blocking,slab,blocking,2,2x1,1000,1000,uniform,1001,200,0.2,2,False,8.795691000000033,4.517765000000281,0.0,493925.11545929627,2,False
2026-10-06T23:32:30,rois-MBP,slab_blocking,slab,blocking,2,2x1,1000,1000,uniform,1001,200,0.2,3,False,9.191994000000022,5.202859000000217,0.0,493925.11545929627,2,False
2026-10-06T23:32:30,rois-MBP,slab_blocking,slab,blocking,2,2x1,1000,1000,uniform,1001,200,0.2,4,False,7.1097859999999855,3.760291000000052,0.0,493925.11545929627,2,False
2026-10-06T23:32:30,rois-MBP,slab_blocking,slab,blocking,2,2x1,1000,1000,uniform,1001,200,0.2,5,False,6.352204999999913,3.0747359999986656,0.0,493925.11545929627,2,False
